ID;Pays;Poste;Région;Experience;Age;Sexe;Tremal exclusif;Maillant exclusif;Polyvalent trémail;Polyvalent maillant;AFE1;AFE2;AFE3.1;AFE3.2;AFE3.3;AFE3.4;AFE3.5;AFE4;AFE5;AFP1;AFP2;AFP3;AFP4;AFP5;AFP6;C2;C3;C4.1;C4.2;C4.3;C4.4;C4.5;C4.6;C4.7;C4.8;C4.9;CF1;CF2;CF3;CF4;CF5;CF6;CF7;CF8;IEIP1;IEIP2;IEIP3;IEIP4;INTU1;LDS1;LDS2;LDS3;LDS4;LDS5;LDS6;MOT1;MOT21;MOT3;MOT4;MOT5;MOT6;MOT7;MOT8;MOT9;NSUB1;NSUB2;NSUB3;NSUB4;NSUB5;NSUB6.1;NSUB6.10;NSUB6.11;NSUB6.12;NSUB6.13;NSUB6.2;NSUB6.3;NSUB6.4;NSUB6.5;NSUB6.6;NSUB6.7;NSUB6.8;NSUB6.9;UP2.1;UP2.2;UP2.3;UP2.4;UP2.5
FR1;FR;Armateur et patron-pecheur;Bretagne;;;;;;;;4;3;3;3;3;3;4;5;2;4;5;5;5;5;4;3;3;3;4;4;2;2;4;3;3;2;5;4;4;5;5;4;5;5;4;4;3;5;5;2;4;3;3;1;5;4;4;4;4;5;5;5;5;3;3;2;1;3;4;5;5;3;5;4;5;5;3;3;3;5;3;4;1;3;2;4;5
FR5;FR;Armateur et patron-pecheur;Normandie;;;Homme;;;;;3;4;5;5;5;5;5;3;3;3;3;4;4;5;3;1;1;5;5;5;5;5;5;5;5;5;4;4;5;5;4;3;3;3;4;5;3;4;3;1;4;3;1;3;4;3;3;4;3;3;4;4;4;3;3;4;2;2;3;3;3;3;3;4;2;2;2;3;3;3;2;3;1;2;3;4;5
FR7;FR;Armateur et patron-pecheur;Normandie;Plus de 20 ans;45-54;Homme;Non;Non;Non;Oui;3;2;3;3;3;3;3;4;3;3;2;5;5;5;3;1;1;4;5;4;3;3;5;5;5;3;5;1;5;5;5;4;4;4;5;3;3;2;5;2;4;2;2;1;5;3;5;5;3;5;5;5;5;4;3;2;2;2;4;3;5;3;4;4;3;3;3;3;3;3;3;4;2;1;3;4;5
FR9;FR;Armateur et patron-pecheur;Normandie;Plus de 20 ans;55-64;Homme;Non;Non;Oui;Non;4;2;4;3;3;3;4;5;2;4;5;3;4;2;3;1;3;4;4;4;4;3;4;4;4;4;4;2;5;4;4;3;4;4;5;4;2;4;4;2;3;4;3;3;3;3;4;4;2;4;4;4;4;4;4;2;3;4;2;4;4;4;4;4;4;4;4;4;4;4;4;4;4;3;5;2;1
FR10;FR;Matelot;Bretagne;Entre 10 et 15 ans;25-34;Homme;;;;;4;3;3;3;3;3;3;4;2;3;4;5;4;4;4;1;2;4;5;4;3;2;4;2;4;4;4;4;4;5;4;4;4;4;4;4;4;3;4;2;3;3;3;3;3;4;4;4;4;4;5;5;5;4;4;3;3;4;4;4;5;3;4;5;5;4;3;4;3;4;3;5;3;1;2;5;4
FR16;FR;Patron-pecheur;Haut de France;Plus de 20 ans;45-54;Homme;Non;Non;Non;Non;4;2;2;2;2;2;3;5;2;4;5;5;5;5;4;1;2;3;3;4;3;3;5;3;3;3;5;2;4;5;4;5;2;3;4;4;4;2;4;2;4;3;2;4;3;3;4;4;3;4;5;4;5;4;4;2;2;2;2;5;3;3;4;4;5;5;5;5;5;5;3;4;4;2;3;1;5
FR17;FR;Armateur et patron-pecheur;Autre;Entre 15 et 20 ans;55-64;Homme;;;;;4;4;2;2;2;2;3;5;5;4;3;4;5;5;4;4;3;3;3;3;4;5;5;4;5;4;5;5;4;5;5;3;5;5;5;5;5;1;4;2;4;3;3;3;2;5;5;4;5;4;5;5;5;5;4;2;5;5;5;4;5;3;5;5;2;5;3;3;3;3;3;5;3;1;2;4;5
FR19;FR;Patron-pecheur;Bretagne;Plus de 20 ans;55-64;Homme;;;;;5;2;3;3;3;3;3;4;4;3;3;4;5;5;3;5;4;4;4;3;2;4;5;2;3;4;2;3;5;5;5;5;4;4;4;5;5;4;4;1;5;4;4;2;3;3;4;5;4;5;5;4;5;4;4;2;3;4;4;5;5;5;5;5;3;3;3;3;3;3;2;5;5;1;2;3;4
FR20;FR;Armateur et patron-pecheur;Bretagne;Entre 15 et 20 ans;25-34;Homme;Non;Non;Non;Non;4;5;3;3;3;3;3;4;2;4;3;4;4;4;4;1;2;4;4;4;3;3;4;3;3;3;4;2;3;4;4;2;3;4;4;4;4;4;4;1;3;4;3;2;4;3;4;3;3;3;5;4;4;4;3;3;2;3;4;4;4;3;4;4;3;4;3;3;3;4;3;4;2;3;1;4;5
FR25;FR;Autres;Haut de France;Plus de 20 ans;35-44;Homme;;;;;4;1;3;3;3;2;4;3;2;5;4;4;5;5;4;1;1;4;4;4;1;2;4;4;3;3;5;2;2;5;4;3;4;2;4;5;4;5;3;2;2;2;2;4;3;2;5;5;3;4;5;5;5;4;3;2;2;2;4;3;5;3;5;5;3;4;2;3;3;4;1;4;5;1;3;2;4
FR26;FR;Armateur et patron-pecheur;Bretagne;;;;;;;;4;2;4;2;2;2;5;5;4;4;5;5;4;5;5;;2;1;3;4;1;1;4;4;4;5;5;4;5;4;4;5;4;5;4;5;5;5;4;1;4;4;4;2;5;4;5;4;5;5;5;5;5;4;4;4;4;4;5;4;5;5;5;5;4;4;4;4;4;4;2;5;1;2;3;4;5
FR27;FR;Armateur et patron-pecheur;Bretagne;Entre 10 et 15 ans;35-44;Homme;Non;Non;Non;Non;3;3;3;3;3;3;3;1;2;3;3;3;5;5;3;3;5;3;3;3;3;3;5;3;3;4;4;2;3;5;4;5;3;3;4;4;4;4;3;2;4;3;3;1;3;3;4;4;4;3;5;4;5;3;5;3;3;1;5;5;3;3;4;5;5;1;3;3;3;1;1;3;4;2;3;5;1
FR28;FR;Patron-pecheur;Autre;Entre 10 et 15 ans;18-24;Homme;Oui;Non;Non;Non;3;3;3;3;4;4;3;4;3;2;2;4;3;4;3;1;2;5;5;5;3;4;5;3;5;4;4;3;4;5;5;3;4;4;5;4;3;5;4;1;3;3;4;2;4;3;3;4;4;4;4;2;4;5;4;3;3;3;4;5;5;5;5;5;5;5;5;5;5;5;5;5;1;3;2;4;5
FR29;FR;Autres;Autre;Entre 5 et 10 ans;25-34;Femme;;;;;3;3;3;3;3;3;3;2;3;3;4;4;5;4;3;1;1;5;5;5;4;5;5;3;5;3;3;4;4;5;4;2;4;4;4;4;3;3;4;1;3;3;3;3;3;3;4;4;4;3;5;4;4;3;3;3;4;4;4;4;4;3;4;5;4;4;4;2;2;4;2;5;1;2;3;4;5
FR33;FR;Armateur et patron-pecheur;Bretagne;Entre 10 et 15 ans;35-44;Homme;;;;;4;3;3;3;3;3;3;4;3;4;5;3;5;5;5;4;4;3;2;4;3;3;4;4;2;3;5;5;3;5;5;4;4;5;4;4;5;3;5;2;3;3;3;3;4;5;5;4;5;5;5;5;5;5;4;2;1;3;4;4;4;4;5;2;4;4;4;4;4;4;3;4;1;3;4;5;2
FR34;FR;Armateur et patron-pecheur;Haut de France;Entre 15 et 20 ans;35-44;Homme;Non;Non;Non;Non;3;2;3;3;3;3;3;4;2;3;3;5;4;5;3;1;1;4;5;5;5;5;5;5;5;4;4;2;5;5;5;2;4;4;5;5;5;4;3;1;4;3;3;1;3;3;4;4;4;5;5;5;5;4;4;3;2;4;2;5;5;3;5;5;5;5;3;5;5;5;3;3;2;1;3;4;5
FR36;FR;Armateur et patron-pecheur;Erreur;Entre 10 et 15 ans;25-34;Homme;Non;Non;Oui;Non;3;3;3;3;3;3;3;5;2;3;3;4;4;4;3;4;2;3;3;3;3;3;4;4;4;1;4;2;5;4;5;3;3;3;5;3;4;4;5;2;3;3;3;3;4;3;3;4;3;4;5;4;5;4;3;2;2;3;3;3;4;3;4;4;3;4;2;2;2;4;2;4;1;2;4;5;3
FR37;FR;Armateur et patron-pecheur;Bretagne;Entre 5 et 10 ans;35-44;Homme;Non;Non;Non;Oui;3;3;3;3;3;3;3;4;1;3;3;5;5;3;3;1;2;5;4;5;4;5;5;2;5;4;4;2;5;5;5;3;2;5;4;5;5;1;4;2;1;2;3;2;3;5;5;5;2;4;5;4;5;5;4;1;1;1;5;3;3;3;4;4;3;3;3;3;3;3;3;3;3;1;2;4;5
FR38;FR;Armateur et patron-pecheur;Normandie;Entre 10 et 15 ans;45-54;Homme;Non;Non;Oui;Non;3;3;3;3;3;3;5;4;1;3;3;3;3;3;3;1;2;5;4;5;4;5;5;3;3;1;5;1;5;4;5;3;4;4;5;4;3;2;4;1;4;3;3;1;4;3;5;5;3;4;5;4;5;5;4;2;2;4;3;4;5;4;4;5;3;3;4;5;5;3;3;3;4;3;1;2;5
FR53;FR;Armateur et patron-pecheur;Haut de France;Plus de 20 ans;55-64;Homme;;;;;4;3;4;3;3;3;3;4;4;3;3;4;4;4;4;5;1;3;2;4;4;4;4;3;4;3;4;3;5;4;4;4;4;3;4;4;4;5;3;1;3;3;3;3;4;3;3;4;4;4;4;4;4;4;4;3;4;4;4;4;5;3;4;5;4;3;3;3;3;3;4;4;1;3;5;2;4
FR56;FR;Matelot;Autre;;;;;;;;3;3;5;5;3;4;5;5;5;1;1;5;5;3;1;3;2;5;5;5;5;5;5;5;5;5;3;4;5;5;5;3;4;4;4;5;3;5;3;1;1;3;3;5;1;4;3;5;5;4;5;4;5;5;4;3;4;1;5;3;5;3;4;5;3;3;3;3;3;3;1;3;3;2;1;4;5
FR57;FR;Patron-pecheur;Haut de France;;;;;;;;4;2;2;2;4;4;1;5;2;4;4;5;4;2;4;1;1;1;1;1;2;3;2;1;1;2;2;4;4;4;4;4;2;2;4;4;4;2;4;1;4;3;1;4;4;4;4;4;4;4;3;4;4;4;3;2;2;4;2;4;4;4;4;4;4;4;4;4;4;4;4;4;3;2;1;4;5
FR59;FR;Autres;Erreur;;;;;;;;5;3;3;3;3;3;3;4;2;5;3;5;5;5;3;;3;3;3;3;3;3;3;3;3;3;5;4;3;5;5;4;5;4;5;5;5;3;5;2;4;4;4;3;3;4;4;5;5;5;5;5;5;5;5;2;5;4;5;5;5;3;5;5;4;5;3;5;3;5;3;5;1;3;2;5;4
FR60;FR;Armateur et patron-pecheur;Erreur;Plus de 20 ans;35-44;Homme;Non;Non;Non;Non;4;4;4;5;5;4;5;2;4;4;5;5;5;5;5;;;3;1;2;2;2;2;2;2;4;5;3;5;4;5;5;4;3;4;5;5;5;5;1;5;4;5;1;5;5;4;5;5;5;5;5;5;5;4;3;1;2;5;5;5;4;5;5;5;5;5;1;4;4;3;5;4;1;2;3;5
FR63;FR;Armateur et patron-pecheur;Autre;Entre 10 et 15 ans;25-34;Homme;Non;Non;Non;Non;5;1;3;3;3;3;5;5;3;3;3;5;5;1;3;2;2;5;5;5;1;1;5;1;5;5;5;3;5;5;5;5;5;2;5;5;5;1;5;2;4;4;1;3;2;3;1;5;1;5;5;5;5;5;5;3;2;1;2;5;5;5;5;5;3;5;3;5;5;5;3;5;3;1;2;5;4
FR67;FR;Autres;Erreur;Plus de 20 ans;45-54;Femme;;;;;5;5;1;1;1;1;1;5;1;5;5;5;5;5;5;3;4;4;4;3;3;2;4;5;5;3;5;4;5;5;5;5;5;5;5;5;5;3;5;2;5;3;1;3;5;5;5;5;5;5;5;5;5;5;2;2;2;3;5;3;5;3;5;5;3;3;3;2;2;3;2;3;2;5;4;3;1
FR68;FR;Patron-pecheur;Haut de France;Plus de 20 ans;45-54;Homme;Non;Non;Oui;Non;5;2;3;4;4;2;3;4;2;3;3;5;5;5;4;5;3;3;4;4;2;2;3;2;4;2;5;4;5;5;5;3;4;4;5;5;4;5;5;1;4;3;3;4;4;3;4;4;3;5;4;5;5;4;3;3;2;4;4;5;5;4;5;5;4;4;4;4;4;4;4;5;1;2;3;4;5
FR69;FR;Armateur;Normandie;Plus de 20 ans;35-44;Homme;Oui;Non;Non;Non;5;1;5;1;1;1;1;5;1;5;5;5;5;5;5;1;2;3;3;3;3;3;5;3;3;4;5;5;3;5;5;5;5;5;5;5;5;1;5;2;4;3;5;1;5;5;5;5;1;5;5;5;5;5;4;1;5;5;5;5;5;5;5;5;5;5;5;5;5;5;5;5;3;1;2;4;5
FR70;FR;Patron-pecheur;Bretagne;Moins de 5 ans;35-44;Homme;Non;Non;Non;Non;3;3;3;3;3;3;3;4;1;3;3;5;4;5;3;3;2;4;4;5;3;3;5;4;5;3;5;1;4;5;5;4;5;3;5;5;5;3;4;1;3;3;3;1;3;4;4;4;5;5;5;5;5;5;3;3;3;4;5;5;5;3;5;5;5;5;5;5;3;3;3;3;3;1;2;4;5
FR74;FR;Patron-pecheur;Autre;Plus de 20 ans;35-44;Homme;Non;Non;Non;Non;5;2;4;3;3;3;4;5;4;3;2;4;4;5;3;3;2;5;4;5;3;5;4;4;5;3;4;4;5;5;5;3;4;4;4;5;1;3;4;2;4;3;3;3;1;3;4;5;3;4;5;5;5;5;3;3;4;1;4;4;5;3;5;5;4;4;4;4;4;4;4;5;2;3;1;4;5
FR77;FR;Patron-pecheur;Bretagne;Moins de 5 ans;35-44;Homme;;;;;3;4;3;3;3;3;4;5;2;4;3;4;5;5;4;4;3;4;4;4;4;4;5;4;3;5;4;2;4;4;4;2;4;4;5;4;4;3;3;2;1;3;3;3;4;4;5;5;3;4;5;4;5;4;2;2;3;3;4;3;4;4;5;5;4;4;4;4;4;4;4;4;3;1;2;5;4
FR78;FR;Armateur et patron-pecheur;Autre;Entre 15 et 20 ans;25-34;Homme;Non;Non;Oui;Non;3;3;3;3;3;3;3;4;2;3;3;4;4;5;3;4;3;4;3;4;2;3;4;2;2;2;4;2;2;4;4;3;2;4;4;4;3;1;4;2;2;3;3;2;2;3;4;4;4;4;4;4;4;4;4;3;2;4;2;3;4;3;4;4;3;3;3;3;3;3;3;4;2;3;1;5;4
FR79;FR;Armateur et patron-pecheur;Autre;Entre 15 et 20 ans;25-34;Homme;;;;;3;3;3;3;3;3;3;5;1;3;3;2;5;5;3;1;1;1;1;1;1;1;1;1;1;1;1;3;5;2;2;3;1;1;5;1;2;1;1;2;5;3;3;1;3;1;3;3;1;3;5;3;5;1;4;3;1;4;1;3;3;3;3;4;3;3;3;3;3;3;3;3;4;3;5;2;1
FR80;FR;Armateur et patron-pecheur;Autre;Entre 15 et 20 ans;35-44;Homme;Non;Non;Non;Oui;5;3;3;3;3;3;3;5;1;3;3;5;5;5;3;3;3;3;4;3;2;3;4;3;3;4;5;5;5;5;5;5;5;5;5;5;5;5;5;1;3;3;3;5;5;5;5;5;5;5;5;5;5;5;3;1;1;5;5;4;5;3;5;5;4;4;4;4;4;4;3;4;4;2;3;5;1
FR81;FR;Armateur et patron-pecheur;Bretagne;Plus de 20 ans;45-54;Homme;Non;Non;Non;Non;3;3;2;2;2;2;2;5;1;3;2;4;4;4;5;5;5;2;3;5;3;3;4;4;3;3;5;2;4;5;5;3;5;5;5;4;4;4;5;1;5;5;4;2;4;4;4;5;3;4;5;5;5;5;4;1;1;4;4;5;5;5;5;5;5;5;5;5;5;5;5;5;2;4;1;3;5
FR89;FR;Patron-pecheur;Autre;Plus de 20 ans;45-54;Homme;;;;;5;4;5;5;2;2;5;5;4;3;1;4;5;4;3;1;1;5;5;5;2;2;5;5;5;4;4;2;5;5;5;3;4;2;5;5;3;4;5;2;5;4;4;2;1;2;4;4;2;4;5;3;5;5;4;1;1;3;4;4;4;4;4;4;2;4;4;4;2;2;2;4;1;3;2;5;4
FR90;FR;Armateur et patron-pecheur;Bretagne;;;;;;;;5;5;4;4;4;4;5;5;3;5;4;5;5;5;4;3;3;4;4;5;2;4;5;2;4;4;5;5;5;5;5;5;3;4;4;5;5;3;5;2;4;3;4;3;3;5;5;5;3;4;5;4;5;5;4;4;2;3;4;4;3;4;5;5;4;5;4;3;3;5;1;4;3;2;1;4;5
FR92;FR;Matelot;Erreur;Moins de 5 ans;25-34;Homme;;;;;3;3;3;3;3;3;3;4;3;4;3;5;4;4;4;4;2;5;5;4;3;3;5;1;5;4;3;4;3;5;5;4;4;4;4;5;5;3;5;2;4;3;3;2;4;4;4;4;3;4;5;4;5;5;4;2;3;5;4;5;5;3;5;5;5;5;1;1;3;4;2;4;1;2;4;3;5
FR94;FR;Armateur et patron-pecheur;Bretagne;Entre 10 et 15 ans;25-34;Homme;;;;;2;5;4;3;3;3;4;5;1;1;1;5;5;5;2;4;4;4;4;4;3;3;5;2;4;4;3;2;5;5;4;3;4;3;5;5;5;3;3;1;5;5;2;2;4;4;5;5;4;4;5;5;5;4;3;3;1;5;5;1;5;2;5;5;2;2;1;1;1;2;1;2;3;2;4;1;5
FR96;FR;Armateur et patron-pecheur;Normandie;;;;;;;;3;3;3;3;3;3;3;2;2;3;3;4;4;4;3;1;2;5;5;5;3;3;5;4;3;4;4;4;3;4;4;3;4;3;4;4;4;4;3;1;3;3;3;3;2;3;4;4;3;3;4;4;4;3;3;2;2;2;4;3;4;3;4;4;3;3;3;3;3;3;3;4;1;2;3;4;5
FR97;FR;Armateur et patron-pecheur;Autre;Entre 10 et 15 ans;35-44;Femme;Non;Non;Non;Non;5;2;2;2;2;2;3;5;1;5;5;5;5;5;5;4;4;4;5;5;3;3;5;5;5;5;5;4;5;5;5;5;5;5;5;5;5;4;5;1;5;4;5;1;5;4;5;5;3;5;5;5;5;5;4;1;1;5;5;4;5;4;5;5;5;5;3;3;3;5;2;4;3;2;1;5;4
FR103;FR;Autres;Normandie;;;;;;;;5;2;1;1;1;1;1;5;2;5;4;2;5;4;4;3;2;5;5;5;5;2;2;2;2;2;5;2;5;5;5;5;4;2;5;2;2;2;4;2;5;5;4;4;4;4;4;4;4;2;4;4;4;1;3;2;2;1;4;4;4;4;4;4;4;4;4;4;4;4;4;4;1;3;2;5;4
FR104;FR;Autres;Autre;Plus de 20 ans;55-64;Homme;Non;Non;Non;Non;3;3;3;3;2;3;4;5;4;4;3;5;4;3;3;3;3;4;4;4;2;2;4;3;5;4;5;3;3;5;5;4;4;3;5;4;4;3;4;2;5;4;3;3;4;3;4;4;3;4;5;5;5;4;4;3;3;3;4;4;5;4;5;5;5;5;3;2;2;5;3;5;3;1;2;5;4
FR107;FR;Armateur;Erreur;;;;;;;;3;4;3;3;3;3;3;2;2;3;3;3;4;4;3;1;3;3;4;4;3;3;4;3;4;3;4;3;4;4;4;2;4;3;4;4;4;3;4;2;3;3;3;3;3;3;4;4;3;3;4;4;4;4;3;3;4;4;3;4;4;3;4;4;4;4;3;3;3;3;4;4;3;1;2;4;5
FR111;FR;Patron-pecheur;Autre;;;;;;;;3;5;5;3;3;3;5;4;4;3;2;4;4;4;2;1;2;1;2;2;3;3;3;3;5;5;4;4;3;5;5;3;4;4;4;5;3;4;5;2;5;3;4;4;3;3;4;4;3;3;4;5;4;4;4;4;4;1;4;5;3;3;4;5;4;3;3;4;4;1;3;4;1;2;3;4;5
FR112;FR;Armateur et patron-pecheur;Bretagne;Plus de 20 ans;45-54;Homme;;;;;3;3;3;3;3;3;3;1;4;3;3;4;4;4;3;2;2;3;3;4;3;3;3;3;4;3;4;3;5;4;4;4;4;4;4;3;4;3;3;2;3;3;3;4;3;3;4;4;3;4;4;4;4;3;3;3;3;4;4;4;4;3;4;4;4;4;4;4;4;4;4;4;4;1;2;3;5
FR114;FR;Armateur et patron-pecheur;Autre;Entre 10 et 15 ans;18-24;Homme;Non;Oui;Non;Non;3;3;3;3;3;3;5;3;3;3;3;5;4;3;3;1;1;3;5;5;5;3;5;3;5;4;4;3;5;5;5;3;3;3;5;5;5;5;5;2;4;3;3;3;3;4;3;4;4;5;3;3;5;5;3;3;3;3;3;3;5;5;5;5;3;3;3;3;3;3;5;5;2;1;3;5;4
FR115;FR;Armateur et patron-pecheur;Autre;;;;;;;;4;2;2;2;2;2;4;5;2;4;3;4;5;5;4;4;5;3;3;3;2;2;2;2;2;1;5;2;4;5;5;4;2;2;5;5;2;1;4;1;3;2;2;2;2;4;4;4;2;5;4;5;4;5;3;2;2;5;2;4;4;4;4;4;4;4;4;4;4;4;4;4;2;1;3;5;4
FR116;FR;Matelot;Normandie;;;;;;;;2;4;3;3;3;3;3;5;3;3;3;5;5;5;4;4;3;3;5;5;2;4;5;2;5;5;5;3;4;5;5;3;5;5;5;5;5;5;4;2;4;2;3;2;5;3;5;5;5;5;5;5;5;3;3;2;2;5;5;5;5;5;5;5;5;5;5;5;5;5;5;5;2;3;1;4;5
FR118;FR;Matelot;Erreur;;;;;;;;5;2;3;3;3;3;3;5;2;3;3;5;5;5;3;3;2;5;3;3;3;3;4;3;3;1;5;2;5;5;5;4;3;3;5;5;4;1;5;2;5;3;3;1;5;3;4;5;5;3;5;5;5;3;4;3;3;4;3;5;5;3;3;5;5;5;3;3;3;5;3;3;1;4;3;2;5
FR120;FR;Matelot;Autre;Entre 5 et 10 ans;25-34;Homme;Non;Non;Non;Non;2;4;4;2;2;2;4;5;2;4;2;3;4;4;4;5;3;4;3;5;2;2;4;4;3;2;4;2;2;4;4;3;4;4;5;4;4;4;4;1;4;2;2;1;4;4;4;5;4;4;5;4;5;4;3;2;4;4;4;4;5;2;5;5;4;4;2;2;5;4;2;4;2;3;1;4;5
FR122;FR;Armateur et patron-pecheur;Autre;Plus de 20 ans;45-54;Homme;Non;Non;Non;Non;3;3;3;3;3;3;3;5;2;3;3;5;5;5;3;5;4;3;3;5;4;4;5;3;3;2;4;1;3;5;5;3;4;3;4;4;4;3;4;1;4;3;3;3;3;3;5;5;3;3;5;5;5;4;5;3;1;3;4;5;5;4;5;5;3;4;4;5;4;4;4;5;4;2;1;3;5
FR125;FR;Autres;Erreur;;;;;;;;4;3;3;3;3;3;4;4;3;4;4;4;4;4;4;3;1;3;3;3;3;3;3;3;4;2;4;4;4;4;4;4;4;4;3;4;4;4;4;1;4;4;4;4;3;4;4;4;4;4;5;4;4;4;3;3;3;5;4;4;4;3;5;5;3;4;3;3;3;4;4;4;2;1;3;4;5
FR127;FR;Armateur et patron-pecheur;Bretagne;Entre 10 et 15 ans;25-34;Homme;;;;;2;4;5;5;5;5;5;4;1;3;1;5;4;4;2;1;1;4;5;5;3;3;5;5;5;4;3;4;5;5;5;4;2;2;4;5;4;1;3;1;5;4;5;2;2;2;4;4;1;3;5;4;5;3;5;3;1;2;2;3;4;4;4;4;3;3;4;4;3;3;4;4;1;2;4;5;3
FR128;FR;Patron-pecheur;Autre;Entre 10 et 15 ans;25-34;Homme;Oui;Non;Non;Non;3;5;4;4;4;4;4;5;1;3;1;5;5;5;3;1;1;4;4;4;4;4;4;4;5;5;5;1;5;5;5;5;5;3;5;5;5;3;3;2;5;3;3;3;5;4;5;5;3;3;5;4;5;5;5;3;3;5;5;4;4;3;4;4;3;4;3;3;3;4;3;4;5;3;4;2;1
FR130;FR;Patron-pecheur;Bretagne;;;;;;;;3;3;2;2;4;3;4;4;4;3;3;5;4;5;4;4;4;3;3;4;3;2;4;2;3;2;4;4;4;5;4;4;3;4;5;5;4;3;4;1;5;3;3;4;2;4;4;4;4;4;5;5;5;4;4;3;3;4;5;4;4;4;4;4;4;4;3;3;3;4;4;4;1;3;2;5;4
FR134;FR;Armateur et patron-pecheur;Bretagne;Plus de 20 ans;45-54;Homme;;;;;4;5;3;3;3;4;4;2;3;5;4;5;5;3;4;1;1;3;4;3;2;4;5;4;2;3;5;2;3;5;5;4;3;2;5;5;4;4;5;2;4;3;4;2;3;2;4;4;2;4;5;5;5;5;3;2;2;4;5;3;4;4;4;5;3;4;3;4;4;4;4;4;3;2;4;5;1
FR135;FR;Patron-pecheur;Normandie;Plus de 20 ans;45-54;Homme;Non;Non;Non;Non;2;5;5;3;3;3;4;2;2;3;3;5;4;4;3;2;2;5;5;5;5;3;5;5;3;1;4;3;4;4;4;3;4;3;4;5;4;2;3;1;4;4;2;2;4;4;5;4;4;4;4;4;4;4;4;2;1;3;2;4;5;3;3;5;4;4;3;4;4;4;3;3;2;1;3;4;5
FR136;FR;Armateur et patron-pecheur;Autre;Entre 10 et 15 ans;25-34;Homme;Oui;Non;Non;Non;5;1;5;3;3;3;3;5;1;5;5;5;5;5;5;5;2;5;5;5;5;5;5;5;5;5;5;5;4;5;5;5;5;5;5;5;5;5;5;1;4;3;5;5;5;5;5;5;5;5;5;5;5;5;3;1;1;3;5;5;5;3;5;5;5;5;5;5;5;5;1;5;1;3;4;2;5
FR138;FR;Armateur et patron-pecheur;Autre;Entre 10 et 15 ans;45-54;Homme;Oui;Non;Non;Non;5;3;2;3;2;2;4;1;1;4;3;5;5;5;4;5;1;5;5;5;3;3;5;1;5;5;5;4;5;5;5;5;3;5;5;5;5;4;5;2;4;4;4;1;4;4;5;5;3;5;5;5;5;5;4;1;1;4;5;5;5;5;5;5;3;5;3;3;3;5;5;5;3;2;1;4;5
FR139;FR;Armateur et patron-pecheur;Bretagne;;;;;;;;3;2;3;3;3;3;3;4;2;4;4;5;5;5;4;1;2;4;5;5;4;4;5;4;3;3;4;3;4;5;4;4;3;5;5;5;5;3;4;1;4;3;3;3;3;3;5;4;4;4;5;5;5;5;3;2;3;5;4;5;5;5;5;5;5;5;5;5;5;5;5;5;3;1;2;4;5
FR140;FR;Armateur et patron-pecheur;Autre;Plus de 20 ans;35-44;Homme;;;;;3;3;3;3;3;3;3;5;2;3;3;4;4;5;3;1;1;2;3;3;3;3;4;2;4;3;4;2;4;5;5;4;4;2;5;5;4;4;4;1;4;3;4;2;2;3;4;5;4;4;5;4;5;4;5;2;2;5;5;4;5;3;5;5;4;2;4;5;4;2;3;4;2;5;3;1;4
FR141;FR;Armateur et patron-pecheur;Autre;Entre 10 et 15 ans;35-44;Homme;Non;Non;Non;Non;3;3;5;3;3;3;5;1;1;5;3;5;5;5;5;5;1;5;5;5;2;2;5;2;5;2;5;5;5;5;5;5;5;4;5;5;5;1;5;2;5;3;3;3;3;5;5;5;3;5;5;5;5;5;5;1;1;5;1;3;5;3;5;5;3;3;3;3;3;3;5;5;1;2;3;4;5
FR142;FR;Armateur et patron-pecheur;Autre;Plus de 20 ans;45-54;Homme;Non;Non;Non;Non;5;5;3;3;3;3;3;2;3;5;3;3;5;5;3;2;2;5;3;5;2;3;5;4;2;1;5;4;5;5;5;5;5;1;5;2;4;5;5;1;5;3;3;1;3;4;4;5;3;3;5;3;3;5;5;3;4;3;4;5;5;5;4;5;5;5;5;5;5;5;5;5;4;1;5;3;2
FR143;FR;Armateur et patron-pecheur;Normandie;Plus de 20 ans;45-54;Homme;Non;Non;Non;Non;5;1;4;4;3;3;3;5;4;4;2;4;4;4;3;4;4;3;3;5;3;3;4;4;3;4;4;2;5;4;5;1;4;2;5;5;4;4;5;1;4;5;4;2;3;3;4;4;4;4;5;4;5;4;5;3;2;4;4;5;4;3;5;4;5;5;2;3;3;3;2;2;1;3;2;5;4
FR145;FR;Patron-pecheur;Autre;Entre 5 et 10 ans;25-34;Homme;Non;Non;Non;Non;4;3;3;3;3;1;5;5;2;4;5;3;5;4;4;2;2;3;4;5;5;3;5;4;3;2;3;3;5;5;5;5;5;4;5;5;4;5;5;1;4;3;3;4;3;3;4;5;3;3;5;5;5;5;3;3;3;4;3;4;4;4;4;4;3;5;3;3;3;2;2;4;3;1;2;4;5
FR147;FR;Matelot;Bretagne;;;;Non;Non;Non;Non;3;2;4;3;3;3;4;5;1;3;3;5;5;5;3;1;3;4;5;4;4;3;4;3;4;5;4;2;5;5;5;3;5;4;5;5;4;5;4;1;4;3;3;1;4;3;5;4;4;5;5;5;5;5;3;2;2;2;3;4;5;3;5;5;4;4;4;3;3;4;3;4;1;2;3;4;5
FR148;FR;Armateur et patron-pecheur;Autre;;;;;;;;3;4;3;3;2;2;3;5;3;5;3;2;4;5;3;2;2;5;4;4;3;3;3;4;3;2;4;4;4;5;5;3;4;4;4;5;4;4;4;1;3;3;3;4;5;2;4;5;1;3;5;5;4;4;3;4;4;4;3;4;5;3;5;5;4;4;4;4;4;4;3;4;1;3;2;5;4
FR155;FR;Armateur et patron-pecheur;Normandie;Plus de 20 ans;45-54;Homme;;;;;3;3;5;5;5;5;5;5;3;3;2;4;3;3;2;1;1;5;5;5;5;4;5;2;5;5;3;3;5;3;3;1;3;3;4;3;3;4;2;2;5;3;3;3;4;3;5;4;2;3;5;4;4;3;5;3;3;4;3;4;4;4;4;4;4;4;3;3;3;4;3;4;1;3;2;4;5
FR157;FR;Armateur et patron-pecheur;Normandie;Entre 15 et 20 ans;25-34;Homme;;;;;3;3;3;3;3;3;3;4;2;3;3;5;5;5;4;2;2;2;3;3;3;4;4;3;3;3;4;4;5;5;5;4;4;4;4;5;4;3;4;2;3;3;3;3;3;3;4;5;3;4;5;5;5;4;4;2;2;5;4;4;5;4;4;5;4;4;4;4;4;4;3;5;4;2;3;5;1
FR163;FR;Patron-pecheur;Bretagne;Entre 5 et 10 ans;18-24;Homme;;;;;5;1;2;2;3;2;2;5;2;4;5;5;5;5;3;2;2;5;4;5;5;4;5;4;3;4;5;3;4;5;5;5;4;4;5;5;5;4;4;1;3;3;4;1;2;3;4;4;4;4;4;5;4;4;4;2;2;4;5;5;5;5;5;5;5;5;5;5;5;5;3;5;1;4;2;3;5
FR164;FR;Armateur et patron-pecheur;Autre;Plus de 20 ans;35-44;Homme;;;;;1;5;5;5;5;1;5;5;1;5;1;5;5;5;5;2;2;5;4;5;5;5;5;5;5;5;5;5;5;5;5;3;5;1;5;5;5;5;5;1;5;5;5;1;5;5;5;5;5;5;5;5;5;5;5;1;1;1;1;5;5;5;5;5;5;5;5;5;5;5;5;5;2;3;1;4;5
FR168;FR;Autres;Bretagne;Entre 5 et 10 ans;35-44;Homme;;;;;3;3;4;3;3;3;3;5;3;3;3;5;5;5;3;2;2;4;4;4;3;3;5;4;5;3;3;2;4;5;5;3;4;4;3;5;5;4;3;2;3;3;3;2;3;4;4;5;3;4;5;5;5;5;3;3;2;2;5;3;3;3;5;5;3;3;3;3;3;3;3;3;1;4;2;3;5
FR174;FR;Armateur et patron-pecheur;Normandie;Entre 10 et 15 ans;35-44;Homme;Non;Non;Non;Non;3;3;4;4;4;4;4;3;2;3;4;4;5;5;4;1;1;4;4;4;4;4;4;4;4;4;4;4;4;4;4;4;4;3;4;4;3;3;4;2;4;3;3;4;2;3;4;4;3;4;5;4;4;4;3;2;3;2;3;4;4;3;3;4;4;4;2;2;2;4;3;3;1;2;3;4;5
FR176;FR;Armateur et patron-pecheur;Bretagne;Plus de 20 ans;45-54;Homme;;;;;4;3;4;4;4;4;5;3;4;3;2;4;4;4;2;1;1;5;5;5;4;5;5;2;5;5;3;3;5;4;4;3;4;1;5;4;3;2;3;2;1;3;3;5;5;3;4;4;3;3;3;4;4;3;3;4;4;3;4;2;4;2;4;5;3;3;3;3;3;3;2;4;5;3;4;2;1
FR178;FR;Armateur et patron-pecheur;Normandie;Plus de 20 ans;35-44;Homme;Non;Non;Non;Non;3;4;4;4;3;5;4;5;3;3;3;5;5;5;4;3;3;4;5;4;3;3;5;3;4;3;5;3;4;5;5;4;3;4;4;5;5;3;5;1;3;3;3;2;2;3;4;5;2;5;5;5;5;3;4;2;2;2;5;5;4;4;5;5;3;5;2;5;5;3;2;5;2;1;4;5;3
FR179;FR;Armateur et patron-pecheur;Bretagne;Entre 15 et 20 ans;25-34;Homme;;;;;3;4;2;2;2;2;4;4;3;2;2;4;4;4;3;1;1;3;3;3;3;2;5;2;2;3;4;3;5;4;4;3;4;4;4;3;4;3;4;2;3;3;3;3;3;3;4;4;3;3;4;4;4;4;3;3;1;1;4;4;4;4;4;4;4;4;4;4;4;4;4;4;2;3;1;4;5
FR180;FR;Armateur et patron-pecheur;Bretagne;Plus de 20 ans;35-44;Homme;;;;;4;3;3;3;3;3;3;4;2;4;4;3;4;4;4;2;1;4;5;5;2;2;5;3;3;3;4;3;4;5;4;4;4;3;4;4;3;3;4;2;4;3;3;3;3;3;4;4;3;3;5;4;4;4;3;2;2;5;4;4;4;4;4;4;4;4;4;4;4;4;4;4;1;2;3;5;4
FR183;FR;Armateur et patron-pecheur;Bretagne;Plus de 20 ans;45-54;Homme;Oui;Non;Non;Non;3;4;4;2;4;2;4;4;2;4;3;4;3;3;3;1;1;5;5;5;3;3;5;3;3;2;4;2;5;3;4;3;4;2;4;3;3;3;4;2;2;3;3;2;2;3;3;4;3;3;4;3;4;3;4;3;2;3;3;3;3;3;3;4;3;3;3;3;3;3;3;3;3;1;2;4;5
FR184;FR;Armateur et patron-pecheur;Bretagne;;45-54;Homme;;;;;4;3;3;3;3;3;3;4;4;4;4;5;4;5;4;4;3;3;3;3;2;3;4;4;5;4;5;3;5;5;5;5;4;3;5;5;5;3;5;2;5;3;4;3;5;4;4;4;4;4;5;5;5;5;5;3;3;4;3;5;5;3;5;5;3;3;3;3;3;4;3;3;3;4;2;1;5
FR185;FR;Armateur et patron-pecheur;Autre;Plus de 20 ans;35-44;Homme;Non;Non;Non;Non;4;5;5;4;4;3;3;3;2;3;4;4;5;5;5;5;;3;3;5;1;1;5;3;3;3;4;2;4;4;5;5;5;3;5;1;3;1;4;1;4;3;2;3;3;5;4;5;3;5;5;5;5;5;3;1;1;2;1;3;5;3;4;3;4;5;3;3;3;4;2;3;3;5;4;2;1
FR187;FR;Matelot;Autre;Entre 5 et 10 ans;45-54;Femme;;;;;3;3;2;2;2;2;3;3;1;4;4;5;5;5;5;5;2;4;5;4;2;2;5;4;5;4;5;3;4;5;5;5;2;4;4;5;5;3;5;2;4;3;3;1;4;5;4;5;3;5;5;5;5;5;3;1;1;2;5;4;5;3;5;5;4;3;3;3;3;3;3;4;3;1;2;4;5
FR194;FR;Armateur et patron-pecheur;Normandie;Entre 10 et 15 ans;25-34;Homme;;;;;3;3;3;3;3;3;3;4;2;3;3;4;4;4;3;3;2;3;3;3;3;3;4;2;3;2;4;3;2;4;4;3;4;3;4;4;3;3;4;2;3;4;4;2;2;3;3;4;2;3;5;4;5;4;5;3;2;4;4;3;4;3;4;4;3;3;3;3;3;3;3;4;1;3;2;4;5
FR204;FR;Armateur et patron-pecheur;Erreur;Plus de 20 ans;45-54;Homme;;;;;3;3;3;3;3;3;3;5;2;3;3;5;5;5;3;5;5;3;5;4;4;4;5;2;3;5;4;2;5;5;4;5;4;2;5;5;4;2;5;1;5;3;3;1;1;4;5;4;3;4;5;4;5;5;5;2;3;4;5;5;5;4;5;5;3;3;3;5;5;3;3;5;4;3;1;2;5
FR209;FR;Armateur et patron-pecheur;Bretagne;Plus de 20 ans;45-54;Homme;Non;Non;Non;Oui;4;4;4;4;4;4;5;5;4;4;3;3;5;4;3;1;1;5;5;5;3;5;5;3;5;5;4;4;4;4;5;3;4;4;4;5;4;5;4;2;3;3;3;3;3;3;4;4;3;4;5;3;4;5;3;3;1;1;3;3;3;3;4;5;3;3;3;3;3;3;2;3;1;3;2;4;5
FR211;FR;Matelot;Bretagne;;;;Non;Non;Non;Non;3;4;3;4;3;3;3;5;5;3;3;5;3;5;3;1;1;3;4;4;4;4;5;2;3;4;4;2;5;5;4;3;5;4;4;4;3;5;4;2;5;3;4;1;5;3;4;5;3;4;5;5;5;4;4;3;3;1;3;5;4;3;3;3;3;4;4;5;5;4;4;4;5;1;4;3;2
FR212;FR;Armateur et patron-pecheur;Normandie;;;;;;;;4;3;2;3;3;3;3;5;2;3;3;5;5;5;3;1;1;5;5;5;5;5;5;2;5;1;5;2;5;5;4;5;4;2;5;5;3;5;4;1;5;3;2;1;2;4;5;5;3;5;5;5;5;5;3;3;4;5;5;5;1;3;1;1;3;3;3;3;3;3;1;5;1;3;2;4;5
FR216;FR;Autres;Bretagne;Plus de 20 ans;55-64;Homme;Non;Non;Non;Oui;5;3;2;3;4;3;3;3;3;5;4;4;5;5;4;1;1;3;3;4;2;3;4;2;3;4;4;2;4;5;5;4;5;3;4;5;5;5;5;1;4;4;4;2;2;3;4;4;3;4;5;5;4;5;5;3;4;4;4;4;4;3;4;3;4;4;3;3;3;4;3;5;4;2;3;5;1
FR232;FR;Matelot;Autre;;;;;;;;5;4;3;3;3;3;4;5;2;4;4;5;5;4;4;4;3;4;5;5;5;4;5;4;5;2;4;2;5;5;5;4;4;3;5;5;2;4;4;2;4;4;4;3;2;4;5;5;4;4;5;4;4;4;4;3;2;4;4;4;4;4;4;5;4;4;4;4;4;4;4;4;1;2;4;3;5
FR239;FR;Armateur et patron-pecheur;Bretagne;Plus de 20 ans;45-54;Homme;;;;;3;2;4;3;3;3;4;5;2;3;1;4;4;5;3;3;3;4;3;5;2;3;5;4;4;2;4;3;5;5;4;3;4;3;4;5;4;3;3;2;3;4;3;3;3;3;4;4;3;3;4;4;4;5;3;3;3;4;4;3;4;3;4;4;3;3;3;3;3;3;3;4;1;4;3;2;5
FR242;FR;Armateur et patron-pecheur;Normandie;Plus de 20 ans;35-44;Homme;;;;;3;3;3;3;3;3;3;5;2;3;1;5;5;5;2;3;2;5;5;5;2;2;5;2;5;1;5;2;5;5;5;3;3;3;5;5;2;5;3;2;3;3;3;4;3;5;3;5;3;4;5;4;5;5;3;3;1;1;3;4;3;3;4;5;2;4;2;2;3;4;1;4;3;1;2;5;4
FR244;FR;Armateur et patron-pecheur;Bretagne;Entre 15 et 20 ans;35-44;Homme;Non;Non;Non;Non;2;4;3;5;4;3;5;5;2;2;2;5;4;5;3;2;2;4;4;4;3;4;5;5;4;5;4;4;5;5;4;3;5;2;4;5;5;5;3;1;3;3;3;1;3;3;4;4;3;3;4;4;5;5;4;3;2;3;4;4;4;3;4;5;2;4;3;3;4;4;2;3;1;2;3;4;5
FR245;FR;Armateur et patron-pecheur;Normandie;;;;Oui;Non;Non;Non;4;3;2;2;2;2;3;4;2;4;4;4;4;4;4;1;1;4;4;4;2;2;4;2;4;;4;2;5;5;4;4;4;4;4;5;4;4;4;2;4;4;2;2;2;2;4;4;4;4;4;4;5;4;4;2;4;4;2;4;4;4;3;4;4;3;3;3;3;3;1;4;1;2;3;5;4
FR246;FR;Armateur;Normandie;Plus de 20 ans;45-54;Homme;Non;Non;Non;Non;4;2;2;2;2;2;3;4;2;4;3;4;4;4;4;4;4;1;1;5;1;1;1;1;1;5;4;4;4;4;4;4;4;4;4;4;4;4;4;2;4;4;4;2;4;4;4;4;4;4;4;4;4;4;4;4;4;4;4;4;4;4;4;4;4;4;4;4;4;2;2;4;1;3;2;4;5
FR247;FR;Armateur et patron-pecheur;Normandie;Plus de 20 ans;45-54;Homme;Non;Non;Non;Non;3;4;5;4;4;4;5;4;2;4;4;4;4;4;2;3;4;5;2;5;3;1;5;4;2;2;4;2;4;5;4;4;2;4;5;4;2;4;4;1;2;3;3;4;4;3;3;5;2;2;4;4;4;5;4;2;2;3;3;4;4;4;4;5;4;2;4;4;3;3;4;4;3;1;2;5;4
FR248;FR;Armateur et patron-pecheur;Bretagne;Plus de 20 ans;45-54;Homme;Oui;Non;Non;Non;3;4;1;1;3;3;2;4;2;3;4;4;4;4;4;3;3;5;4;4;5;5;5;1;4;2;5;3;3;4;5;4;4;2;4;4;4;2;4;1;2;3;4;4;3;4;4;4;4;4;4;4;4;4;3;2;2;4;4;4;4;4;4;5;3;3;3;3;3;3;4;4;1;2;3;4;5
FR251;FR;Patron-pecheur;Normandie;Entre 10 et 15 ans;25-34;Homme;Non;Non;Non;Non;3;3;3;3;3;3;3;4;2;3;3;3;5;4;3;4;3;4;4;4;4;4;5;3;2;1;4;3;3;5;5;3;4;4;5;4;3;2;4;1;4;3;4;1;4;3;4;4;3;4;5;4;5;4;4;2;2;4;4;3;5;4;4;5;4;3;3;3;3;3;3;4;2;4;3;1;5
FR253;FR;Armateur et patron-pecheur;Normandie;Plus de 20 ans;35-44;Homme;Non;Non;Non;Non;4;3;3;3;3;3;3;4;3;4;4;5;5;5;4;1;1;3;4;5;4;3;4;4;5;2;4;2;5;5;4;5;4;4;4;5;5;4;3;2;4;3;3;4;2;4;4;4;4;4;4;4;5;4;4;4;4;5;4;4;5;4;5;5;4;4;4;4;4;4;4;5;1;2;3;5;4
FR255;FR;Armateur et patron-pecheur;Normandie;Entre 5 et 10 ans;25-34;Homme;Non;Non;Non;Non;5;4;3;3;3;3;4;5;1;5;4;5;5;5;5;3;2;4;4;4;2;2;4;2;3;3;5;4;5;5;5;4;5;4;5;5;5;2;5;2;4;3;4;3;4;5;4;5;5;5;5;5;5;5;4;3;1;3;5;4;5;5;5;5;5;5;4;5;5;5;5;5;1;3;2;4;5
FR257;FR;Armateur et patron-pecheur;Normandie;Plus de 20 ans;35-44;Homme;;;;;5;4;3;3;3;3;3;5;3;3;5;5;5;5;4;5;1;3;3;3;3;3;3;3;3;3;5;2;5;5;5;5;5;5;5;5;5;5;5;2;4;3;5;3;5;5;5;5;5;5;5;5;5;5;3;1;5;2;5;3;5;5;5;5;5;4;3;3;3;3;3;5;1;3;2;4;5
FR259;FR;Patron-pecheur;Normandie;Plus de 20 ans;55-64;Homme;Oui;Non;Non;Non;3;3;3;3;3;3;3;5;2;3;2;3;3;3;3;3;2;3;3;3;4;3;4;1;3;4;4;4;4;5;4;3;3;4;5;4;4;2;5;1;4;3;4;2;2;3;5;3;4;4;5;4;5;5;4;3;4;4;4;4;5;3;5;5;2;4;4;4;4;4;2;4;1;2;4;5;3
FR260;FR;Armateur et patron-pecheur;Normandie;Entre 15 et 20 ans;35-44;Homme;Non;Non;Non;Non;2;5;4;4;4;4;4;5;3;3;4;5;5;5;4;1;1;3;5;3;3;3;4;4;5;4;4;3;4;5;5;3;4;4;5;4;4;4;5;2;5;3;3;3;4;4;4;4;3;4;4;4;5;4;4;3;2;5;5;5;4;3;4;5;4;4;4;5;5;5;1;5;3;5;4;2;1
FR261;FR;Autres;Bretagne;;;;;;;;1;4;4;4;4;4;5;2;4;1;1;5;5;5;1;1;3;4;3;5;5;4;4;4;4;3;2;4;5;5;4;2;4;4;2;4;4;4;3;2;3;3;2;3;2;4;5;5;4;3;5;4;5;4;3;3;4;5;5;5;4;3;4;5;2;3;2;1;1;3;1;4;3;5;1;2;4
FR262;FR;Armateur et patron-pecheur;Bretagne;Entre 5 et 10 ans;18-24;Homme;Non;Non;Non;Oui;4;3;3;3;4;3;4;3;2;4;3;4;5;5;3;3;2;4;4;4;3;4;5;2;3;2;4;2;4;4;4;4;3;3;5;5;3;3;3;2;4;4;4;1;1;3;4;4;3;3;5;5;5;4;4;3;3;4;3;4;5;4;4;5;3;4;2;2;2;4;4;5;3;2;1;4;5
FR263;FR;Matelot;Bretagne;Moins de 5 ans;18-24;Homme;Non;Non;Non;Oui;2;4;5;5;2;2;5;2;3;3;2;2;5;4;2;1;1;5;5;5;3;4;5;2;4;2;3;2;5;5;4;4;3;4;5;3;2;2;3;2;4;3;4;3;2;3;3;5;3;3;4;5;5;4;4;2;2;2;2;4;3;3;3;5;2;4;2;4;2;4;2;3;2;1;3;5;4
FR264;FR;Armateur et patron-pecheur;Bretagne;Moins de 5 ans;35-44;Homme;Non;Oui;Non;Non;3;3;1;1;1;1;1;5;1;5;3;5;5;5;5;5;3;5;4;5;5;5;5;1;5;5;5;5;5;5;5;5;5;5;5;3;5;3;5;2;4;3;3;3;5;5;5;5;3;5;5;5;5;5;4;3;1;1;3;3;5;3;5;5;3;3;3;3;3;3;3;5;1;3;4;2;5
FR265;FR;Armateur et patron-pecheur;Bretagne;Plus de 20 ans;45-54;Homme;Non;Non;Non;Oui;4;3;3;3;3;3;3;4;3;4;4;4;5;5;4;2;1;3;3;3;3;3;3;3;4;3;4;3;5;5;5;4;4;4;4;5;5;3;4;2;4;3;3;4;3;3;4;4;3;4;4;4;4;3;4;3;4;4;4;4;4;4;4;4;4;4;4;3;3;3;4;4;3;1;4;2;5
FR268;FR;Autres;Normandie;;55-64;Homme;;;;;5;4;2;3;2;2;4;3;1;3;3;5;4;4;4;5;5;4;3;3;4;5;5;2;4;3;4;2;4;5;4;5;5;3;4;5;4;3;3;1;5;5;5;2;3;4;4;5;4;4;5;4;5;4;4;1;3;3;3;4;3;2;3;5;4;4;1;2;2;2;1;3;2;1;;5;3
FR271;FR;Matelot;Autre;Entre 5 et 10 ans;18-24;Homme;Non;Non;Non;Non;3;4;3;3;3;3;3;5;3;2;3;3;4;3;3;1;1;2;4;4;2;3;2;2;3;4;3;3;3;5;4;3;3;2;4;4;2;4;2;2;2;2;2;3;3;1;2;2;2;3;3;4;4;2;3;3;2;2;3;3;3;3;3;3;3;3;3;3;3;3;5;4;2;1;3;5;4
FR272;FR;Matelot;Autre;Moins de 5 ans;35-44;Homme;;;;;3;5;3;4;3;3;5;5;2;3;3;4;4;4;3;3;1;5;5;4;3;4;5;5;5;1;4;5;5;4;4;2;4;3;4;4;5;3;4;2;2;3;3;4;5;4;4;5;4;4;5;4;5;4;3;3;3;2;4;5;5;3;5;5;4;4;5;4;4;4;1;5;1;3;2;4;5
FR273;FR;Matelot;Erreur;Moins de 5 ans;35-44;Homme;;;;;3;4;3;3;3;3;3;3;2;3;3;3;3;3;4;3;3;3;3;3;2;4;3;4;4;5;5;2;4;4;5;2;3;3;4;4;4;1;4;1;4;3;3;2;5;3;4;5;5;3;5;4;4;5;3;2;5;4;5;4;3;4;4;4;3;3;3;4;3;4;3;4;1;2;3;5;4
FR274;FR;Matelot;Autre;Moins de 5 ans;18-24;Homme;Non;Non;Non;Non;3;1;5;5;5;5;5;5;3;3;3;5;3;5;3;4;4;3;3;3;3;3;5;5;4;5;3;5;4;5;5;1;5;3;3;5;3;5;1;2;2;3;1;3;3;3;5;4;5;3;4;5;5;3;3;3;2;1;4;4;4;4;4;4;4;4;4;4;4;4;4;4;1;2;3;4;5
FR275;FR;Matelot;Autre;Moins de 5 ans;18-24;Homme;Non;Non;Non;Non;3;5;5;5;5;5;5;5;3;2;1;3;3;4;1;1;1;3;2;3;2;2;3;2;2;2;2;2;3;2;2;2;3;3;4;2;2;2;1;2;3;3;2;3;3;2;2;3;3;2;4;3;4;3;3;2;3;2;3;5;1;4;3;5;1;1;1;1;5;5;1;1;2;3;1;4;5
FR276;FR;Matelot;Autre;Moins de 5 ans;18-24;Homme;Non;Non;Oui;Non;3;2;4;4;4;4;4;5;2;3;3;5;4;5;3;1;2;4;4;4;4;4;4;3;4;4;3;2;5;5;5;4;5;5;5;5;5;5;4;2;4;3;3;2;4;3;4;4;4;4;4;5;4;4;4;3;5;2;5;4;3;4;5;5;4;4;4;4;4;4;3;5;3;5;2;4;1
FR277;FR;Armateur et patron-pecheur;Haut de France;Plus de 20 ans;35-44;Homme;Non;Non;Non;Non;3;5;4;4;4;4;4;5;4;3;3;4;4;4;3;3;3;4;4;3;3;3;4;3;5;3;4;3;5;5;4;3;4;3;5;5;4;4;4;1;3;4;2;3;4;4;4;4;4;4;4;4;4;4;3;2;2;1;4;3;4;3;4;4;3;4;2;3;3;4;3;3;5;2;4;3;1
FR278;FR;Autres;Autre;Entre 15 et 20 ans;35-44;Homme;Non;Non;Non;Non;3;2;3;3;3;3;3;4;2;3;3;4;5;5;3;3;2;3;4;5;5;4;4;4;3;3;4;4;5;5;4;3;4;2;4;5;4;4;4;2;4;4;3;3;4;4;5;3;4;4;5;5;5;4;4;3;2;3;3;3;4;3;3;5;3;5;3;5;4;5;3;4;3;1;2;4;5
FR279;FR;Patron-pecheur;Bretagne;Entre 15 et 20 ans;35-44;Homme;Non;Non;Non;Non;3;3;4;2;3;4;4;3;3;4;4;5;5;5;4;5;1;4;5;4;4;4;4;4;3;4;4;4;5;4;4;3;4;4;4;4;4;4;3;2;2;3;3;4;3;4;4;4;3;4;4;5;5;4;3;4;2;2;4;4;5;3;5;5;4;4;4;4;4;4;2;5;3;1;4;2;5
FR280;FR;Autres;Normandie;;25-34;Homme;;;;;4;3;3;3;3;3;3;2;3;3;2;4;4;5;3;3;1;4;4;5;4;4;5;4;5;3;3;2;4;5;4;3;3;4;4;5;5;2;4;1;4;3;4;4;2;2;4;5;2;4;4;3;5;4;3;2;2;3;3;4;4;3;5;5;2;4;2;3;3;4;1;5;3;1;5;2;4
FR281;FR;Autres;Bretagne;Entre 10 et 15 ans;25-34;Homme;Non;Non;Non;Non;4;2;4;4;3;4;4;3;1;5;4;5;5;4;3;2;3;4;4;3;2;3;2;4;4;4;3;4;3;5;5;4;3;4;4;5;3;4;3;2;4;3;4;2;3;3;4;5;4;4;5;4;5;5;5;2;1;1;4;4;4;4;3;1;4;4;4;4;4;4;2;4;5;2;4;3;1
FR282;FR;Patron-pecheur;Erreur;Entre 5 et 10 ans;18-24;Homme;Non;Non;Non;Non;3;1;5;5;5;5;5;1;1;3;3;3;5;3;2;2;1;5;5;5;5;5;5;5;5;3;3;1;3;3;5;1;3;3;4;4;3;4;1;2;1;3;3;2;5;3;3;4;3;3;5;3;5;1;2;4;1;5;3;3;3;3;4;5;3;3;3;3;3;3;3;3;2;1;4;3;5
FR283;FR;Matelot;Bretagne;Entre 15 et 20 ans;35-44;Homme;;;;;4;4;1;1;1;1;1;4;4;4;4;4;4;5;4;3;3;4;1;5;3;1;1;3;3;3;5;3;4;4;4;4;4;4;4;4;4;4;4;2;3;4;4;1;4;4;4;5;4;4;5;4;4;5;4;1;4;1;4;5;5;5;5;5;1;1;1;1;1;1;1;5;3;4;5;2;1
FR284;FR;Matelot;Bretagne;Entre 5 et 10 ans;18-24;Homme;Non;Non;Non;Non;5;5;2;3;2;2;4;5;2;5;5;5;5;5;3;4;2;5;5;5;1;1;5;3;5;5;5;4;5;5;5;3;5;4;5;5;5;5;5;2;3;3;3;4;3;3;5;5;5;5;5;5;5;5;4;1;1;2;3;4;4;3;3;5;3;4;1;4;5;5;1;5;3;1;2;4;5
FR285;FR;Autres;Erreur;Entre 5 et 10 ans;25-34;Homme;Non;Non;Non;Non;3;4;3;3;3;3;3;3;3;4;2;5;5;5;3;1;2;5;5;4;2;3;5;4;4;1;3;4;5;5;5;4;4;4;4;5;4;4;4;2;4;3;3;2;2;3;5;4;3;4;5;4;5;4;5;3;3;4;5;5;4;4;4;5;5;3;2;3;3;4;1;4;1;3;2;4;5
FR286;FR;Autres;Autre;Entre 15 et 20 ans;25-34;Homme;Non;Non;Non;Non;4;2;1;1;1;1;3;3;2;3;3;5;5;4;3;1;1;5;5;5;5;5;5;5;5;3;5;2;5;5;4;5;4;4;5;5;4;1;4;1;4;3;3;2;2;3;4;4;2;4;5;4;5;5;5;2;1;3;1;4;5;5;5;5;4;5;4;4;4;4;4;5;2;3;1;5;4
FR287;FR;Autres;Bretagne;Entre 10 et 15 ans;35-44;Homme;;;;;3;3;3;3;3;3;3;3;2;4;3;5;5;5;3;1;1;4;5;4;4;4;4;4;4;3;4;2;4;5;5;4;3;3;5;5;4;4;3;2;3;3;3;3;2;3;5;5;4;4;5;5;5;4;4;2;2;5;4;3;5;3;4;5;3;3;3;3;4;3;3;5;3;2;1;4;5
FR288;FR;Autres;Autre;Entre 10 et 15 ans;25-34;Homme;Non;Non;Non;Non;3;2;3;3;3;3;2;3;3;2;1;3;5;5;2;3;2;5;5;5;2;2;5;4;4;3;3;4;5;5;4;2;4;4;5;5;1;2;2;2;2;3;3;3;3;2;5;4;3;2;5;4;5;1;4;5;3;5;1;3;5;3;4;5;3;3;3;2;2;4;3;4;2;3;1;4;5
FR289;FR;Matelot;Bretagne;Entre 10 et 15 ans;35-44;Homme;Non;Oui;Non;Non;3;3;3;1;1;1;5;4;3;5;3;5;5;5;4;3;2;5;3;5;1;4;5;2;4;5;5;2;4;5;5;4;5;4;4;5;5;5;5;1;3;3;3;3;3;4;4;4;3;5;4;5;5;4;3;3;3;3;5;4;5;5;5;5;5;5;5;5;3;5;4;5;3;5;4;1;2
FR290;FR;Matelot;Bretagne;;;;Non;Non;Non;Non;3;4;5;2;2;2;5;4;4;3;4;4;4;3;3;5;4;5;3;5;4;4;4;3;3;3;2;4;3;4;3;3;3;4;4;5;3;2;2;2;5;3;3;4;5;3;4;4;3;3;5;3;4;3;5;3;3;4;2;3;4;3;4;5;4;5;5;2;2;4;2;3;4;2;5;3;1
FR291;FR;Matelot;Autre;Entre 10 et 15 ans;25-34;Homme;;;;;3;3;1;1;1;1;5;5;2;5;3;2;5;5;5;1;1;5;5;5;5;5;5;2;5;3;5;5;5;5;5;5;5;4;5;5;5;1;5;2;4;5;5;1;1;5;5;5;5;5;5;5;5;5;5;2;5;5;2;5;5;5;5;5;5;5;5;1;1;5;1;5;4;3;5;2;1
FR293;FR;Matelot;Erreur;Entre 5 et 10 ans;35-44;Homme;;;;;5;3;3;3;3;3;3;5;3;3;3;3;5;5;5;1;1;3;5;5;5;5;5;5;5;1;5;2;3;3;3;4;3;1;5;5;3;1;5;2;3;1;1;3;1;5;4;5;3;5;5;5;5;5;3;5;1;3;3;5;5;3;5;5;5;5;5;5;5;5;5;5;5;1;2;4;3
FR295;FR;Matelot;Bretagne;Entre 5 et 10 ans;25-34;Homme;Non;Non;Non;Non;5;1;1;1;1;1;4;2;2;5;5;5;5;5;4;2;2;3;3;4;4;2;4;4;4;3;5;2;4;5;5;5;4;4;4;5;5;4;5;2;3;3;5;2;3;5;5;5;4;4;5;5;5;5;5;3;4;1;5;5;5;5;5;5;5;5;1;5;5;5;5;5;4;3;5;2;
FR296;FR;Matelot;Erreur;;;;;;;;3;4;4;4;3;3;4;3;4;2;4;4;4;4;2;1;1;4;4;4;3;3;4;2;4;4;4;4;4;5;4;3;3;3;4;4;4;3;3;2;3;3;3;4;3;2;4;4;2;3;4;3;4;4;3;2;4;4;3;4;4;3;3;3;3;4;3;3;3;3;3;4;1;2;4;3;5
FR297;FR;Matelot;Bretagne;Moins de 5 ans;25-34;Homme;Non;Non;Non;Non;3;4;4;3;3;3;4;4;4;2;2;4;5;4;3;3;2;3;4;3;3;4;4;4;4;4;4;4;5;5;5;3;4;3;4;5;4;4;4;2;3;3;2;3;3;4;3;4;4;4;4;4;4;5;3;3;4;2;4;4;3;3;5;5;3;4;2;2;2;4;2;4;2;1;3;4;5
FR298;FR;Armateur et patron-pecheur;Bretagne;;;;;;;;3;4;3;3;3;3;5;1;2;3;3;5;5;5;3;2;1;3;4;3;3;3;4;3;5;3;5;2;5;4;5;5;4;4;4;5;5;1;3;1;5;3;3;2;3;3;4;5;3;5;5;3;5;5;4;3;1;5;5;3;5;3;5;5;3;5;5;5;3;5;3;4;3;1;2;4;5
FR299;FR;Armateur et patron-pecheur;Bretagne;Entre 15 et 20 ans;35-44;Homme;Non;Non;Non;Non;5;1;2;2;2;2;5;5;1;5;3;5;5;5;3;5;4;5;2;5;2;2;5;2;5;3;5;1;3;5;5;5;5;5;5;5;5;3;5;2;5;3;3;5;5;3;5;5;3;5;5;5;5;5;3;1;1;5;1;4;4;4;5;5;4;5;4;4;4;5;4;4;2;5;1;3;4
FR301;FR;Matelot;Bretagne;;;;;;;;4;5;3;3;3;2;3;4;3;4;5;5;5;5;5;2;1;3;2;5;1;1;5;5;5;5;5;4;5;5;5;5;5;2;5;5;5;3;5;2;4;3;3;3;3;5;4;5;4;5;5;5;5;5;3;3;3;4;2;5;5;3;5;5;5;5;3;3;3;3;4;3;1;4;3;2;5
FR303;FR;Armateur et patron-pecheur;Bretagne;Entre 10 et 15 ans;45-54;Homme;;;;;3;3;3;3;3;3;3;2;2;4;4;5;4;5;3;5;3;3;3;4;3;4;5;4;4;4;4;3;4;5;5;3;4;4;4;5;5;2;4;1;3;3;3;2;3;3;5;5;4;3;5;3;5;5;3;2;2;3;4;3;4;3;5;5;3;3;3;3;3;3;3;3;1;2;3;4;5
FR304;FR;Armateur et patron-pecheur;Bretagne;;35-44;Homme;;;;;3;1;1;5;1;1;5;5;3;3;1;5;5;5;3;1;1;5;5;5;5;5;5;1;5;1;5;1;3;5;5;5;3;3;3;3;5;3;4;1;4;4;1;1;3;3;5;3;3;3;5;5;5;3;5;1;1;3;3;5;5;5;5;5;5;5;5;5;5;5;5;5;3;1;2;5;4
FR306;FR;Armateur et patron-pecheur;Bretagne;Plus de 20 ans;55-64;Homme;Non;Oui;Non;Non;3;3;3;3;3;3;3;4;2;3;3;4;5;5;3;1;1;5;5;5;4;4;4;3;4;3;4;3;4;5;5;4;4;4;4;5;5;4;4;2;4;4;3;2;2;3;4;4;4;4;4;4;4;4;4;2;3;4;4;4;5;4;4;5;4;4;4;4;4;4;4;4;2;1;3;4;5
FR308;FR;Armateur et patron-pecheur;Bretagne;Entre 15 et 20 ans;45-54;Homme;Non;Non;Non;Oui;3;3;3;3;3;3;3;4;2;3;3;4;5;5;3;2;2;4;4;4;3;3;4;3;4;3;4;3;5;5;4;5;3;4;4;4;4;3;4;2;3;3;3;3;3;3;4;4;4;4;5;4;5;4;3;3;2;2;4;3;4;3;4;4;3;3;3;3;3;3;3;3;1;2;3;4;5
FR309;FR;Armateur et patron-pecheur;Bretagne;Entre 5 et 10 ans;35-44;Homme;Non;Non;Non;Oui;3;4;3;3;3;4;4;5;3;4;3;4;5;4;3;4;3;4;4;5;3;3;5;3;5;4;5;3;5;5;5;3;4;4;5;5;4;3;5;2;4;2;3;3;4;4;4;4;4;4;5;4;5;4;3;3;2;4;5;4;4;4;4;4;4;5;3;3;3;4;3;3;1;2;3;4;5
FR310;FR;Armateur et patron-pecheur;Bretagne;Entre 5 et 10 ans;45-54;Homme;Non;Non;Oui;Non;5;5;5;5;3;3;5;5;5;3;3;5;5;5;5;5;3;3;4;4;4;3;5;4;5;2;5;5;5;5;5;5;5;5;4;5;5;1;5;1;4;3;3;3;3;3;5;5;3;5;5;5;5;5;3;5;1;3;5;5;5;3;5;5;5;5;1;1;1;5;1;4;3;1;4;5;2
FR312;FR;Armateur et patron-pecheur;Bretagne;Plus de 20 ans;45-54;Homme;Non;Non;Non;Oui;3;3;2;2;2;2;2;5;4;3;4;4;4;5;4;3;2;4;4;4;1;4;4;1;4;3;3;2;4;4;4;3;3;4;4;5;4;5;2;2;4;3;4;2;3;4;4;4;3;2;5;5;4;3;4;4;4;5;4;5;4;4;4;4;3;5;4;4;4;4;4;4;3;1;2;4;5
FR313;FR;Armateur et patron-pecheur;Autre;Plus de 20 ans;45-54;Homme;Non;Non;Non;Non;1;5;5;5;5;3;5;3;4;2;4;3;4;3;3;1;1;4;5;3;4;2;5;5;5;5;4;2;5;4;4;2;4;3;5;2;2;3;3;1;5;4;4;3;4;4;4;5;4;4;4;4;4;4;1;3;4;4;4;3;5;1;3;5;5;5;5;3;5;5;5;3;1;2;4;3;5
FR314;FR;Armateur;Erreur;Plus de 20 ans;45-54;Homme;Non;Non;Non;Non;3;3;3;3;3;3;3;4;1;3;3;4;5;5;3;1;2;4;5;5;5;5;5;4;3;3;3;3;4;5;4;4;4;3;5;4;3;2;3;1;1;3;2;2;2;3;4;4;3;4;5;4;5;4;4;3;2;3;4;4;4;3;5;5;3;5;2;2;2;5;1;5;3;2;4;1;5
FR315;FR;Patron-pecheur;Normandie;Plus de 20 ans;55-64;Homme;Non;Non;Non;Non;4;3;2;2;2;2;3;4;2;4;4;4;5;5;4;3;2;4;4;4;3;4;4;3;4;4;4;4;3;5;5;5;4;4;5;5;4;4;4;1;4;4;4;2;4;4;5;4;4;4;5;4;5;5;4;3;2;4;3;5;5;3;3;5;5;5;3;3;3;3;4;4;2;1;3;5;4
EN1;EN;Armateur et patron-pecheur;Angleterre;;;;;;;;3;3;4;4;4;4;4;3;2;3;3;4;4;4;3;3;2;5;5;5;3;4;5;4;5;5;4;2;4;4;4;3;4;4;4;4;4;3;3;2;2;3;3;2;2;3;4;4;2;3;4;4;4;4;4;2;3;3;4;4;4;4;4;5;2;4;4;4;3;4;2;4;4;1;2;3;5
EN2;EN;Armateur et patron-pecheur;Angleterre;Moins de 5 ans;55-64;Homme;;;;;5;1;1;1;1;1;4;3;1;3;3;5;5;5;3;2;5;3;3;5;3;2;5;1;2;5;4;4;1;5;5;5;5;3;4;4;5;4;5;1;3;4;4;4;3;4;4;5;5;4;5;4;5;5;3;3;3;3;4;3;3;4;5;5;4;3;3;3;3;5;2;4;5;3;4;2;1
EN3;EN;Armateur et patron-pecheur;Angleterre;Plus de 20 ans;;Homme;;;;;3;2;2;3;2;2;4;3;2;3;2;4;4;3;3;5;5;4;4;4;2;4;4;2;3;2;4;2;3;4;4;3;4;2;4;4;3;3;4;1;4;3;3;2;2;3;4;4;2;2;4;4;4;4;4;4;3;3;3;4;4;3;4;5;4;4;3;3;3;3;2;4;1;3;2;4;5
EN4;EN;Armateur et patron-pecheur;Angleterre;Plus de 20 ans;55-64;Homme;;;;;2;2;5;4;4;4;4;2;3;2;3;2;2;2;3;1;1;4;4;4;5;5;5;4;5;2;4;2;5;2;4;4;4;3;4;4;2;4;3;2;3;2;3;3;3;3;3;2;3;3;4;4;4;2;3;3;2;2;2;3;3;3;3;5;3;3;1;2;3;3;2;3;1;2;3;4;5
EN6;EN;Armateur et patron-pecheur;Angleterre;Plus de 20 ans;35-44;Homme;;;;;3;2;3;3;3;3;5;5;2;3;1;2;5;5;3;3;1;4;3;4;3;1;5;4;5;5;1;2;5;2;3;1;3;4;4;5;2;5;3;1;4;3;2;2;5;3;4;4;1;4;4;4;5;1;2;1;1;3;3;1;3;3;3;5;1;1;1;1;1;4;3;5;3;2;1;5;4
EN7;EN;Patron-pecheur;Angleterre;Plus de 20 ans;;Homme;;;;;3;4;3;3;3;3;4;5;2;3;3;5;5;5;3;4;3;4;4;4;4;4;4;4;5;4;4;5;5;5;5;5;5;5;5;5;5;4;5;2;5;3;5;2;2;4;5;5;5;5;5;4;5;5;4;3;3;2;5;4;4;4;5;5;4;4;4;4;4;4;4;4;2;3;4;1;5
EN8;EN;Armateur et patron-pecheur;Angleterre;;18-24;Homme;;;;;1;1;1;1;1;1;1;1;1;1;1;1;1;1;1;1;1;1;1;1;1;1;1;1;1;1;1;1;1;1;1;1;1;1;1;1;1;1;1;1;1;1;1;1;1;1;1;1;1;1;1;1;1;1;2;1;1;1;1;1;1;1;1;1;1;1;1;1;1;1;1;1;1;2;3;4;5
EN9;EN;Armateur et patron-pecheur;Angleterre;Moins de 5 ans;;Homme;;;;;5;2;2;3;3;3;5;5;1;5;4;3;5;5;4;6;3;5;5;5;1;1;1;1;5;4;5;1;5;5;5;4;5;2;5;5;5;5;4;2;4;3;3;2;4;2;5;4;3;3;5;5;5;5;3;3;4;5;5;3;5;4;5;5;3;4;3;3;3;4;5;5;2;1;3;4;5
EN10;EN;Armateur et patron-pecheur;Angleterre;Plus de 20 ans;;;;;;;3;1;3;3;3;3;5;5;3;3;5;4;5;5;3;4;3;5;5;5;5;5;5;3;5;5;3;3;5;5;5;3;4;4;3;5;4;3;4;1;4;3;3;1;3;3;4;5;3;4;5;5;5;4;3;4;1;3;1;3;3;1;1;5;1;1;1;1;1;4;3;4;;;;;
EN11;EN;Armateur et patron-pecheur;Angleterre;Plus de 20 ans;45-54;Homme;;;;;3;3;4;3;3;3;3;3;1;5;5;5;5;3;5;5;1;3;5;3;3;2;5;3;5;5;5;1;5;5;5;5;5;1;5;5;5;5;5;1;5;5;5;1;5;5;5;5;5;5;5;5;5;5;5;2;5;3;5;5;5;5;5;5;5;5;1;3;3;5;5;5;5;2;4;3;1
EN12;EN;Armateur et patron-pecheur;Angleterre;Entre 15 et 20 ans;55-64;Homme;;;;;3;4;3;3;3;3;3;4;2;3;4;4;4;3;4;2;2;3;3;3;3;2;3;3;3;4;4;3;5;5;5;3;5;4;4;5;4;4;4;2;4;3;3;3;3;3;4;5;4;4;4;4;5;4;3;3;2;4;4;3;5;3;5;5;3;3;3;3;3;4;2;5;2;1;3;4;5
EN13;EN;Armateur et patron-pecheur;Angleterre;Entre 10 et 15 ans;;Homme;;;;;3;3;3;3;3;3;3;3;3;3;3;4;4;4;3;4;3;4;4;3;3;3;5;2;5;5;4;4;4;4;5;5;4;4;5;5;4;4;5;2;5;3;4;2;4;3;4;5;3;5;5;5;5;4;5;3;3;3;4;5;4;4;5;5;4;4;1;1;4;5;4;4;2;1;3;5;4
EN14;EN;Patron-pecheur;Angleterre;Plus de 20 ans;;Homme;;;;;2;3;5;5;4;3;5;4;4;3;3;4;4;4;3;1;1;5;5;5;3;4;5;5;3;3;4;2;5;4;4;3;4;3;4;5;4;3;3;1;3;2;3;2;2;4;4;4;2;4;4;4;4;3;3;3;2;3;4;3;4;3;4;4;3;3;3;3;3;4;3;4;2;1;5;3;4
EN15;EN;Armateur et patron-pecheur;Angleterre;Entre 10 et 15 ans;;Homme;;;;;4;4;3;3;3;3;3;3;1;3;4;4;4;5;3;3;3;2;2;2;2;2;2;2;5;5;4;2;4;4;5;5;5;4;5;4;4;3;4;2;4;3;3;2;3;4;2;4;5;4;5;4;5;4;4;2;1;2;3;5;4;4;4;5;3;5;3;3;3;5;4;5;1;2;3;4;5
EN16;EN;Armateur et patron-pecheur;Angleterre;Plus de 20 ans;;Homme;;;;;2;2;4;4;3;3;5;1;2;2;2;4;4;4;3;1;1;4;4;4;2;3;4;4;4;4;2;2;5;4;5;2;4;2;4;4;4;3;3;1;4;3;4;3;2;2;4;4;4;4;5;4;4;4;5;3;3;3;4;4;3;3;4;5;3;3;2;3;4;3;2;4;2;3;1;5;4
EN17;EN;Armateur et patron-pecheur;Angleterre;Plus de 20 ans;45-54;Homme;;;;;3;3;3;3;3;3;3;2;1;3;3;3;2;3;3;5;5;5;3;4;4;4;4;4;3;3;3;1;4;3;3;3;3;3;4;3;3;3;3;2;5;3;4;3;3;3;3;2;2;3;5;3;3;3;5;2;2;1;3;3;3;3;3;3;3;3;3;3;3;3;3;3;3;1;2;4;5
EN18;EN;Armateur et patron-pecheur;Angleterre;Plus de 20 ans;45-54;Homme;;;;;3;3;3;3;3;3;4;3;1;3;3;3;3;5;3;1;1;5;5;5;3;3;5;5;5;5;4;4;5;5;5;4;3;3;5;5;4;4;3;2;4;4;4;1;2;3;4;5;3;5;4;5;5;3;3;3;3;3;3;3;3;3;3;5;3;3;3;3;3;3;3;3;2;1;3;4;5
EN19;EN;Armateur et patron-pecheur;Angleterre;Plus de 20 ans;35-44;Homme;;;;;2;3;5;5;5;5;5;5;3;2;3;2;2;2;2;5;1;4;3;4;3;4;4;3;4;3;3;2;5;3;4;2;3;2;5;4;3;4;3;1;3;3;4;2;5;3;4;3;3;3;4;4;2;3;3;2;2;3;3;3;3;3;3;4;4;3;4;4;4;3;2;4;2;4;1;3;5
EN20;EN;Armateur et patron-pecheur;Angleterre;Plus de 20 ans;55-64;Homme;;;;;4;3;3;3;3;3;3;5;3;3;2;4;4;5;3;2;2;5;4;4;4;3;5;3;4;4;5;2;5;4;5;3;4;4;4;5;4;4;4;2;3;3;4;3;3;2;4;5;5;4;5;5;5;4;4;3;4;3;4;4;4;4;4;4;4;4;4;4;4;4;4;4;;;;;5
EN21;EN;Armateur et patron-pecheur;Angleterre;Plus de 20 ans;55-64;Homme;;;;;1;3;2;2;2;2;4;4;2;3;5;4;5;5;5;4;1;2;5;5;2;1;5;5;5;5;5;3;5;4;5;2;5;4;4;3;5;5;5;1;4;5;4;2;4;4;4;4;5;4;4;5;4;4;3;4;2;4;3;4;5;4;5;5;4;4;5;5;5;5;4;5;2;1;3;4;5
EN22;EN;Armateur et patron-pecheur;Angleterre;Plus de 20 ans;;Homme;;;;;3;4;3;3;3;3;3;5;2;3;5;5;4;5;5;6;6;5;5;5;3;3;5;3;5;4;5;4;5;4;5;4;5;5;5;5;5;5;5;2;3;3;3;3;3;5;5;5;5;5;5;5;5;5;3;3;4;3;4;3;4;3;5;5;3;3;3;3;3;5;4;3;4;5;1;2;3
EN23;EN;Armateur et patron-pecheur;Angleterre;Plus de 20 ans;;Homme;;;;;3;4;3;3;3;3;3;4;2;3;3;3;4;4;3;2;1;3;5;4;2;3;5;3;4;2;4;4;5;4;5;3;3;3;4;4;4;4;4;1;4;3;3;4;4;3;3;4;3;4;5;4;4;3;4;2;3;4;3;4;4;3;4;5;5;3;3;3;3;3;4;5;2;1;4;3;5
EN24;EN;Armateur;Angleterre;Plus de 20 ans;;Homme;;;;;3;3;3;3;3;3;3;4;2;3;4;5;5;5;4;1;2;2;2;3;2;1;4;3;4;4;4;4;5;5;5;3;5;4;4;5;5;4;5;2;4;3;4;3;4;4;4;5;4;4;4;5;5;5;3;3;2;3;4;1;4;4;5;5;3;4;4;4;4;4;4;5;1;3;2;4;5
EN25;EN;Armateur et patron-pecheur;Angleterre;Plus de 20 ans;55-64;Homme;;;;;4;3;3;3;3;3;3;4;5;5;5;4;4;4;3;2;2;3;5;5;4;4;5;4;5;4;5;2;5;4;3;3;4;4;5;5;3;4;4;1;5;4;4;3;3;3;4;5;4;4;5;5;5;3;4;3;3;3;3;3;4;4;5;5;3;3;3;3;3;5;3;4;2;1;3;4;5
EN26;EN;Armateur et patron-pecheur;Angleterre;Plus de 20 ans;55-64;Homme;;;;;4;5;4;4;3;3;5;5;5;5;3;5;5;5;4;5;4;4;3;4;3;4;4;3;4;4;5;3;4;5;5;5;5;4;5;5;5;3;4;1;4;3;2;4;4;5;5;5;5;4;5;5;5;5;1;2;2;5;5;2;5;3;5;5;2;2;2;2;2;4;3;3;1;3;4;5;2
EN27;EN;Armateur et patron-pecheur;Angleterre;Moins de 5 ans;18-24;;;;;;1;2;5;2;3;4;1;3;1;4;2;5;3;3;4;1;1;5;4;3;2;1;2;3;4;5;3;3;2;1;5;3;1;5;5;2;2;3;4;2;1;1;4;2;3;5;3;2;3;2;5;4;5;3;4;1;1;4;5;1;2;3;4;5;2;3;4;5;4;3;2;1;2;1;3;4;5
EN28;EN;Armateur et patron-pecheur;Angleterre;;55-64;Homme;;;;;5;2;3;2;2;2;2;5;2;3;3;5;4;5;4;1;1;5;5;5;5;3;5;3;5;1;5;2;5;5;3;3;5;1;5;5;3;5;4;1;5;5;4;2;2;4;5;4;3;4;5;4;5;3;5;4;4;4;3;4;4;4;4;4;4;4;4;4;4;4;4;4;1;2;3;4;5
EN29;EN;Armateur et patron-pecheur;Angleterre;;;;;;;;3;2;4;5;3;3;5;5;4;2;3;3;4;4;3;5;1;5;5;5;5;5;5;5;5;5;4;4;1;3;3;2;3;4;5;4;3;4;3;2;2;4;3;3;4;3;4;4;3;3;5;3;5;3;4;3;3;3;3;4;3;3;3;4;3;4;3;2;3;3;2;3;1;2;4;5;3
EN30;EN;Armateur et patron-pecheur;Angleterre;Entre 15 et 20 ans;35-44;Homme;;;;;5;5;5;3;3;3;5;4;1;5;4;5;5;5;4;4;3;5;3;4;1;2;5;4;5;5;5;3;5;4;5;5;5;4;5;4;5;5;5;1;5;4;4;3;4;5;4;5;5;4;5;4;5;5;3;1;4;4;5;4;4;4;5;5;4;4;4;4;4;4;3;4;1;3;2;4;5
EN31;EN;Armateur et patron-pecheur;Angleterre;Plus de 20 ans;45-54;Homme;;;;;3;4;4;3;3;3;4;5;1;5;2;5;5;5;4;5;4;5;5;5;5;3;5;5;5;5;4;2;5;4;5;4;5;5;5;5;5;3;4;2;4;4;4;1;2;3;4;5;4;5;5;5;5;5;4;3;2;4;4;4;4;4;4;5;4;4;4;4;4;4;4;5;4;1;2;3;5
EN32;EN;Armateur et patron-pecheur;Angleterre;Moins de 5 ans;55-64;Homme;;;;;3;2;3;3;3;3;4;2;4;4;3;3;5;4;3;5;3;3;4;3;2;2;3;1;3;4;4;2;4;4;4;4;3;3;5;5;4;4;4;1;4;2;3;2;3;3;4;4;3;4;1;3;5;4;3;2;3;3;4;4;4;4;5;5;3;3;3;4;3;4;3;5;1;2;4;3;5
EN33;EN;Autres;Angleterre;Plus de 20 ans;45-54;Homme;;;;;4;2;4;4;4;4;4;2;2;4;4;2;4;4;4;2;1;5;5;4;3;4;4;3;3;3;4;2;1;3;4;2;3;2;4;2;4;2;4;2;3;2;4;2;2;2;4;4;2;4;1;4;4;3;1;4;2;2;3;4;3;4;4;4;2;4;4;4;4;2;2;4;1;2;4;3;5
EN35;EN;Armateur et patron-pecheur;Angleterre;Entre 10 et 15 ans;;Homme;;;;;5;3;2;3;3;3;4;1;1;5;4;5;5;4;5;5;1;4;5;4;4;3;5;5;5;5;5;4;5;5;5;5;5;4;5;5;5;5;5;1;4;1;3;4;5;3;5;5;5;5;5;4;5;5;3;2;4;2;5;3;5;4;5;5;3;3;3;1;1;4;3;5;2;1;3;5;4
EN36;EN;Armateur et patron-pecheur;Angleterre;Plus de 20 ans;55-64;Homme;;;;;4;2;2;2;2;2;2;5;1;3;3;3;5;5;3;4;1;4;5;4;3;3;5;3;5;4;4;4;5;5;5;4;5;4;4;5;4;1;5;2;5;3;4;2;3;4;5;5;4;5;5;5;5;5;4;2;1;1;3;4;5;3;5;5;2;4;1;2;4;5;2;2;2;1;3;4;5
EN38;EN;Armateur;Angleterre;Entre 5 et 10 ans;45-54;Homme;;;;;3;3;4;3;3;3;4;3;5;3;4;4;5;5;4;3;1;3;3;3;4;4;5;4;3;4;5;3;4;3;5;3;3;5;5;5;5;4;4;2;3;3;3;2;3;4;4;5;4;4;5;5;5;5;4;2;1;5;5;4;5;4;5;5;4;4;3;3;3;5;3;5;1;2;3;4;5
EN39;EN;Armateur et patron-pecheur;Angleterre;Plus de 20 ans;;Homme;;;;;2;3;5;5;3;3;5;4;1;2;2;3;4;4;2;1;2;5;5;5;4;5;5;5;5;5;4;3;5;3;4;3;4;2;4;3;4;3;2;1;4;4;2;2;2;2;3;4;2;3;5;4;4;2;4;3;3;2;4;3;3;3;4;4;3;3;3;3;3;3;3;3;;;;;5
EN40;EN;Armateur et patron-pecheur;Angleterre;Plus de 20 ans;;Homme;;;;;3;4;5;4;4;3;3;1;1;4;3;5;5;5;4;4;3;3;3;2;1;1;3;1;4;4;5;3;5;4;5;5;4;3;5;5;4;2;4;2;5;3;3;2;3;4;4;4;4;4;5;5;5;4;3;3;2;4;4;4;4;3;5;5;4;4;2;2;4;4;4;4;1;4;2;3;5